,TSLA,GOOGL
0,AUTOS These 2 EV Stocks Look Like Buys. Why Tesla Is a Better Bet.,WARREN BUFFETT How Warren Buffett Could Prevent a Breakup of Berkshire Hathaway After He Dies
1,AUTOS Tesla Gets Good News From China. Stock Is Forming a Bottom.,‘It was not sustainable or real’: Tech layoffs approach Great Recession levels
2,"Elon Musk’s Twitter ‘involvement’ was bad for Tesla, Morgan Stanley survey says",Deepfake ad of Mark Zuckerberg praises Congress for inaction on antitrust legislation
3,AUTOS XPeng’s Results Miss Forecasts but Guidance Offers Hope. The Stock Is Soaring.,Alphabet stock price target cut to $135 from $140 at Mizuho
4,Competitors chip away at Tesla’s share of U.S. EV market,Alphabet Inc. Cl A stock underperforms Tuesday when compared to competitors
5,"Tesla Inc. stock falls Tuesday, underperforms market",Helbiz: Wheels Scooters Integrated With Google Maps
6,AUTOS Tesla Stock Keeps Falling. Even Some Bears Think It’s Dropped Enough.,Tech hiring is slowing down — these two charts explain how and why
7,MEDIA Snap Wants People Back in the Office. It’s Betting on Being Together.,"FTC, 7 states settle with Google and iHeartMedia over misleading ads"
8,"Largest cryptocurrencies climb on Dogecoin, Litecoin increases","After outcry, U.K. drops language for tech companies to remove ‘legal but harmful’ content from online safety bill"
9,"Tesla Inc. stock rises Monday, outperforms market",Alphabet Inc. Cl A stock outperforms competitors despite losses on the day
10,Largest cryptocurrencies fall as Dogecoin drops,Elon Musk claims Apple is threatening to remove Twitter from its App Store
11,AUTOS A Tesla Bull Still Likes Internal Combustion Engine and Hybrid Car Technology,Icad Rises on Google Health Development Deal
12,CRYPTOCURRENCIES Why Is Dogecoin and Shiba Inu Tumbling? The ‘Memecoin’ Rally Couldn’t Last.,TECHNOLOGY Quantum Computing Will Change the World. How to Play the Stocks.
13,OPINION Why inequality is growing in the U.S. and around the world,"COMPANIES Alphabet and Pfizer Stock Look Like Buys, Says This Longtime Market Maven"
14,AUTOS XPeng Stock Gets Another Downgrade. It’s Becoming More Controversial Than Tesla.,Alphabet Inc. Cl A stock outperforms market on strong trading day
15,Why GM dealers are quietly repairing Teslas,"Google, HP, Amazon, Cisco, Roku, Meta, Twitter, Intel: Here are the companies in the layoffs spotlight."
16,AUTOS Elon Musk Email Was Old News. He Still Likes His Advice for Managers.,"Google looks to shed 10,000 ‘poor performing’ workers: report"
17,"Dow notches highest close since April, S&P 500 ends marginally lower but holds above 4,000",U.K. regulator opens probe into Apple and Google mobile browsers
18,BARRON'S Does Tesla Need a Partner to Reach Its Big Ambitions?,"UK Regulator Opens Cloud Gaming, Browsers Probe After Reports of Apple, Alphabet Duopoly"
19,BARRON'S Tesla’s New Feature? Charging for ‘Fill-Ups’,TECHNOLOGY Google Unveiled Its New Home Hub But It Might Be ‘Late to the Market’
20,25 Stocks to Sell Before They Die,Alphabet To $135? Here Are 10 Other Price Target Changes For Wednesday
21,"iPhone Pro Shipments May Miss Consensus, Tesla Rival Charts Ambitious Expansion Plan In Mexico, Amazon Cloud Unit To Add More Employees: Top Stories Wednesday, Nov. 30",2 Robinhood Stocks With Market-Beating Potential
22,Auto Roundup: GM's EV Push in China & F's Massive Recall Hog the Limelight,Get Ready for Twitter Apple Beef! Why Elon Musk Is Fighting Mad.
23,"Tesla Deserves Higher Valuation For 'Optionality Value,' Says Analyst — Highlights These Revenue Drivers",Is GOOG Stock About to Turn a Corner? Not So Fast
24,"Elon Musk Says Fed Needs To Cut Interest Rates 'Immediately,' Flashes 'Severe Recession' Warning","Jim Simons Buys 1, Sells 4 in 3rd Quarter"
25,Ford and GM Are Going Green. 1 Under-the-Radar Way Investors Can Benefit.,Why Is ROKU Stock Down Today?
26,XPeng Shares Pop Post Q3 Results; Registers 19% Revenue Growth,A Closer Look at Buffett's Taiwan Semiconductor Investment
27,"Tesla Owners, You Can Now Buy Wall Connector Home Charger At This Online Shop — They Have Financing Plans Too",3 Cheap Stocks to Buy Right Now
28,Tesla Analyst Says Risk-Reward On The Stock Is More Balanced Now But...,Google Sued Over Paying Radio Hosts To Promote Pixel 4 — Even Though They Hadn't Used The Phone
29,"Tesla Rival Charts Ambitious Expansion Plan In Mexico, Eyes 10% Market Share, Says Report","Google Reportedly Testing Gmail, Calendar Apps On Wear OS, Pixel Watch — Big Update On The Way?"
30,Elon Musk Throws Shade At Henrik Fisker Over Something He Did To Tesla 15 Years Ago: 'Karma Is A ...',Alphabet Unusual Options Activity For November 28
31,"Tesla's US Market Dominance In EVs Is Being Challenged, New Study Shows",Yahoo Sends Taboola (TBLA) Stock Up 60%
32,What's Going On With Tesla Stock?,2 FAANG Stocks to Buy Now
33,7 Bullseye Stock Picks for Your 2023 Must-Buy List,Google Pixel Watch LTE Is Finally On A Discount — Save $50 On Cyber Monday
34,10 Consumer Discretionary Stocks With Whale Alerts In Today's Session,Will the Nasdaq or S&P 500 Have a Better 2023?
35,"Jim Simons Buys 1, Sells 4 in 3rd Quarter","Xi Jinping Faces Protests, Doge Tops 10 Cents, Elon Musk's 'Alternative Phone' And More: 5 Key Stories You May Have Missed From The Weekend"
36,"EXCLUSIVE: Wait, DodgeCoin Or Dogecoin? Many Americans Don't Know The Difference",Better Buy: Google vs. Meta Platforms
37,What One of the World's Biggest Banks Thinks About Crypto and the FTX Fiasco,1 No-Brainer Stock to Buy Right Now for Less Than $100
38,Why Polestar (PSNY) Stock Is Rebounding After 13% Plunge,2 Stocks Down 50% and 83% to Buy Right Now
39,Why Are Chinese EV Stocks Up Today?,"Here's What Elon Musk Plans To Do If Twitter Is Removed From Apple, Google Stores"
40,CHINA China Scrambles to Stop Record Covid Cases. What’s at Stake for U.S. Companies.,Charities funded by Sam Bankman-Fried may be asked to return donations and this chart explains how and why tech hiring is slowing down
41,Elon Musk has ‘no mercy’ for Alex Jones and won’t reinstate his Twitter account,"What does ‘free speech’ actually mean? Twitter was never censoring speech, despite what Elon Musk and some users have said"
42,"AUTOS Ford Recalls 518,993 Vehicles in the U.S. Due to Fire Risk",TECHNOLOGY Apple Stock Isn’t Recession Proof. Why It Could Have a Tough Time.
43,Largest cryptocurrencies mixed as Dogecoin rises,ACTIVIST INVESTING Activist Investors Zero In on Big Tech’s Stumble
44,Tesla reaches milestone on autopilot efforts,"‘I don’t have the faintest idea what Google has on me’: Google fell short on privacy promises, employees say."
45,"Tesla stock climbs, shrugging off recall of about 80,000 cars in China",Marissa Mayer wants to know: ‘Why is the web getting worse?’ 
46,"AUTOS Tesla Recalls 80,000 Vehicles in China. Why That’s Not a Big Deal.","MARKETS Jobless Claims Fall Despite Amazon, Tech Layoffs. How to Play the Contradiction."
47,"TECHNOLOGY Twitter to Launch New Verification System, Reinstate Accounts",Venture capital investors see an ‘R’ word coming for tech — and it isn’t just recession
48,"Tesla supercharging prices reduced in several regions, report says",WARREN BUFFETT Did Warren Buffett Make the Taiwan Semi Call? It’s Not Clear.
49,MARKETS The Fed Is Watching Black Friday. It Needs to Shop for More Data.,"Google must ‘take aggressive action’ to slash expenses, activist investor says"
50,"Tesla to recall about 80,000 cars in China, regulator says",Stock Splits Are Big This Year. Here's What They Mean for Investors.
51,Tesla Inc. stock outperforms market on strong trading day,"TECHNOLOGY Alphabet Has Too Many Employees and Must Take ‘Aggressive Action’ to Cut Costs, Activist Says"
52,"AUTOS A Tesla Bull Says Musk Is ‘Digging a Deeper Hole’ at Twitter. For Now, EV Sales Might Not Matter.",Amazon heads for 3rd-straight day with trillion-dollar valuation
53,Tesla rallies as one of the stock’s few bears raises his rating,Mark Cuban says buying metaverse real estate is ‘the dumbest shit ever’
54,Tesla upgraded to neutral from sell at Citi,Amazon has launched a cost-cutting review focused on unprofitable business units
55,"Most large cryptocurrencies rise on Litecoin, Bitcoin Cash increases",TECHNOLOGY Meta Is Spending Like an Oil Company. That Needs to Stop.
56,"Do your relatives pick fights over climate change? Push back with investment tips, says Morningstar panel.",AUTOS How Google and Renault’s Expanded Auto Deal Could Change the Industry
57,"Retirement stock plans — and increasingly, 401(k)s — can use ESG scrutiny: Labor Department",TECHNOLOGY 5 Predictions for Tech Stocks if Republicans Take Control of Congress on Election Day
58,"MARKETS Premarket Movers: Autodesk, Ionis Pharmaceuticals, Deere",Apple and Google stocks just had their worst week in more than two years
59,AUTOS Tesla Investors Get Good News. It’s a Value Stock.,BARRON'S Internet Stocks: Q1 Results Look Good for These 5 Companies
60,The luxury cars buyers look for most,TECHNOLOGY Twitter Is Now Filled With Tweets From the Company’s Laid Off Staff
61,"AUTOS Tesla Stock Has Cost Musk $200 Billion. Here’s Who, and What, to Blame.",TECHNOLOGY Elon Musk Cites a ‘Massive Drop’ in Twitter Revenue as Questions About Business Mount
62,AUTOS Why It’s Possible for Tesla Stock to Hit $100,"CORRECTED Apple now valued at more than Amazon, Alphabet and Meta — combined"
63,U.S. stocks finish lower as China COVID-19 fears resurface,TECHNOLOGY Apple and Other Big Tech Stocks Have Been Hammered. They Could Have ‘Further to Fall.’
64,"Tesla stock at two-year low, other EV-maker shares plunge as concerns simmer about China, oil futures",Roku earnings: What to expect
65,"Tesla stock at two-year low, other EV-maker stocks tank as concerns swirl about China, oil futures","Amazon, Meta and Alphabet now require ‘perfection,’ analyst says in Big Tech ‘autopsy’"
66,"CRYPTOCURRENCIES Bitcoin Plummets Toward $16,000 as FTX Bankruptcy Unfolds",CONSUMER Twitter’s Ad Business Isn’t Worth Tweeting About
67,AUTOS Tesla Has Another Huge Recall. It’s Still No Reason to Worry.,"OPINION Apple, more than Meta, holds the key to unlocking a ‘metaverse’-type world of AR"
68,"The World Cup will kick off amid Elon Musk’s Twitter chaos, and nobody knows what happens next",OPINION A $3 trillion loss: Big Tech’s horrible year is getting worse
69,"Tesla recalls 300,000 vehicles over taillight software glitch",Gearing up for a Downturn
70,AUTOS GM Has a New Business: Fixing Tesla EVs.,"OPINION Even in a bear market, stay the course with stocks of revolutionary companies"
71,A meltdown in crypto is taking shape and it’s not just FTX’s fault,"‘Pretty much Google 2.0’ — Amazon price targets reduced by analysts, though they say the long-term story is intact"
72,How the crypto world keeps melting down as the FTX scandal unfolds,"OPINION The cloud boom has hit its stormiest moment yet, and it is costing investors billions"
73,ENERGY How a Hot Norwegian Battery Start-Up Beat the SPAC Deep Freeze,"Alphabet is ‘a big ship to turn around,’ when it comes to much-needed belt-tightening, but Wall Street has faith"
74,Twitter risks fraying as engineers exit over Musk upheaval,OPINION Facebook and Google grew into tech titans by ignoring Wall Street. Now it could lead to their downfall
75,AUTOS GM Should Get More Respect. Mary Barra Told Us Why.,"CRYPTOCURRENCIES Digital Dollars Could Be a Boon for Amazon, Alphabet, and Other Tech Companies"
76,AUTOS Lucid’s High-End EV Is Drawing Safety Complaints. Another Problem for the Stock?,Republicans claim Google is sending their fundraising emails to Gmail users’ spam folders
77,"AUTOS VW Might Kill an EV Factory. Tesla, GM, and Ford Should be Happy.",Google Cloud launches first Web3 product in private view
78,GM CEO Mary Barra expects electric vehicles to be profitable by 2025,Google plans legal fight against India regulators' antitrust actions: report
79,Democratic senators urge FTC to investigate Twitter,TECHNOLOGY Apple Dodges a $500 Billion Mega-Cap Tech Stock Slide
80,AUTOS GM Says EVs Will Be Profitable in 36 Months. Even Tesla Will Be Impressed.,CONSUMER Amazon Stock Tumbles on Weak Sales in the Cloud and a Disappointing Forecast
81,TECHNOLOGY Twitter’s Former Chairman Has a Warning. Why Musk Should Listen.,"Amazon market cap sinking $135 billion, set to fall below $1 trillion for first time in 2 1/2 years"
82,TECHNOLOGY Musk Is Running Twitter Like a Start-Up. That Could Be a Mistake.,CURRENCIES The Dollar Is at a Crossroads. It Could Be Great for Stocks.
83,AUTOS Toyota’s New EV Looks Like a Tesla,Big 4 tech stocks erasing a total of more than $190 billion in market cap
84,AUTOS Elon Musk Has the Next Tesla CEO in Mind. There Are a Few Candidates.,HEALTHCARE Medtronic Is Doing a Spinoff. What It Means for Our Stock Pick.
85,TECHNOLOGY Twitter Needs a New CEO. Here Are 3 Suggestions.,TECHNOLOGY Never Mind Microsoft and Alphabet. This Is the More Ominous Sign for Tech.
86,TECHNOLOGY Elon Musk Says He’ll Find Someone to Run Twitter. Tesla Stock May Benefit.,MARKETS Big Tech Suffers Advertising Hit as Recession Looms. The Fed Only Sees Inflation.
87,AUTOS The Fisker Ocean Is a Reality. Why It’s Not Just Another EV.,TECHNOLOGY Apple Earnings Are Decent in Otherwise Terrible Week for Tech
88,MARKETS Imagine What the Global Economy Would Look Like If Russia’s War Ended Soon,"Tech Down After Weak Earnings From Microsoft, Google -- Tech Roundup"
89,"Elon Musk floats possibility of his successor at Tesla, says he plans to eventually find new Twitter CEO","U.S. stocks end mostly lower with Nasdaq, S&P 500 snapping 3-day winning streak as tech stumbles after disappointing earnings"
90,AUTOS Sell Tesla Stock on ‘Any Rally to $200’,MEDIA Netflix Turned a Bear Into a Bull. It’s the Only FAANG Stock Rising Today.
91,"Dow, S&P 500 end lower as investors hit pause on stock- market rally, Target results disappoint","TECHNOLOGY The Domino Effect: Apple, and the Market, Could Be Dragged Down by Alphabet’s Big Miss"
92,"‘We’ve only just begun to see the layoffs and squeezes on profit margins,’ warns Wells Fargo strategist",TECHNOLOGY Alphabet Needs to Go on a Diet. Its Costs and Headcount Are Surging.
93,Elon Musk testifies in shareholder lawsuit over Tesla compensation package,TECHNOLOGY Alphabet and Microsoft Stocks Sink on Earnings. Alarms Are Ringing for Big Tech.
94,TECHNOLOGY Elon Musk Says He’ll Find Someone Else to Run Twitter,TECHNOLOGY Spotify’s Loss Was Wider Than Expected. The CEO Talks Price Increases.
95,AUTOS Elon Musk Is On the Stand In His $50 Billion Pay Drama,"OPINION Google was supposed to be Wall Street’s safe haven, but now it’s a dart board"
96,Watch NASA’s Artemis 1 launch and follow the mission to return humans to Earth’s moon,Alphabet stock price target cut to $120 from $143 at Raymond James
97,AUTOS More Bad News From China for Tesla Investors—This Time From Mercedes,Alphabet stock price target cut to $140 from $150 at Mizuho
98,Stock Splits Are Big This Year. Here's What They Mean for Investors.,Alphabet stock price target cut to $120 from $150 at Susquehanna
99,Former Tesla Australia director pleads guilty to insider trading on lithium deal,MARKETS Musk’s Twitter Deal Is Happening. Can His Magic Work on the Tech World?
100,"Tesla board chair defends Elon Musk’s pay package, says results outweighed his time commitments",TECHNOLOGY Alphabet Stock Slumps on Disappointing Earnings
101,AUTOS Lucid Just Announced a New Car. It Needs a Cheaper One to Become the Next Tesla.,"Google ad sales take a hit and widely miss estimates, Alphabet stock drops 6%"
102,"AUTOS Even Tesla EVs Fall Short in Reliability, Consumer Reports Says",Stocks climb for 3rd straight day as Dow closes at 6-week high
103,"MEDIA Elon Musk Fired Twitter Contractors Suddenly, Report Says","BREAKING Earthquake rattles Silicon Valley, San Francisco"
104,ECONOMY & POLICY Tech Layoffs Are Here. That Doesn’t Mean the Sky Is Falling.,OPINION This one stock stands out when looking at key data from the FAANG+ group
105,Elon Musk’s massive Tesla pay package challenged in court,Google faces an advertising slowdown — here’s why earnings may hold up anyway
106,AUTOS Tesla Stock Hit With Twitter Jitters. Fundamentals Aren’t Helping.,MARKETS Big Tech Earnings Are Here. A Fed Slowdown Can’t Come Soon Enough.
107,How these 22 tech stocks stand out from the pack this earnings season,"TECHNOLOGY Meta Should Cut Staff 20% And Slash Spending On The Metaverse, Investor Says"
108,Tesla stock price target cut to $275 from $325 at BofA Securities,TECHNOLOGY Big Tech Earnings Are Coming. 5 Questions Hang Over the Stocks.
109,AUTOS This EV-Battery Stock Is Bucking the SPAC Crackup,Time to Diversify
110,TECHNOLOGY Elon Musk Complains of High Workload After Twitter Takeover,"Big Tech has been an earnings refuge for years, but safety is no longer a sure thing"
111,Tesla finds a loophole in states where dealerships are forbidden: Tribal lands,Stock-market investors brace for busiest week of earnings season. Here’s how it stacks up so far.
112,"Elon Musk touches on Twitter criticism, heavy workload at G20",These 11 stocks can lead your portfolio’s rebound after the S&P 500 ‘earnings recession’ and a market bottom next year
113,"Twitter reportedly slashes more jobs, laying off thousands of contractors",Social-media platforms brace for U.S. midterm elections mayhem
114,Sen. Ed Markey fires back at Elon Musk: ‘Fix your companies. Or Congress will.’,"Snap's 26.6% premarket decline drags down Meta, Google, Pinterest and other stocks exposed to online ad market"
115,Tesla stock removed from Wedbush’s Best Ideas list over Twitter debacle; deal is an ‘agonizing cycle for investors to navigate’,Google sued by Texas AG for handling of biometric data of millions
116,Tesla stock loses more than 5% this week as CEO Elon Musk wraps up another roller-coaster week at Twitter,Waymo plans to launch driverless taxi service in Los Angeles
117,OPINION ‘He sold caviar to buy a $2 slice of pizza’ — Why Tesla investors are the biggest losers in Elon Musk’s Twitter deal,Uber to allow marketers to target riders with ads based on destination
118,"A Tesla stock plunge could destroy ‘zombie stocks’ such as GameStop and Peloton, warns equity research firm New Constructs",Snapchat is about to play the canary in social media’s coal mine
119,Elon Musk says Twitter bankruptcy ‘not out of the question’ as more top execs leave: reports,TECHNOLOGY Roku Is Getting Big Enough to Be a Buyout Target. Here’s Who Might Want It
120,AUTOS Tesla Makes Out Better Than Musk If Twitter Files Bankruptcy,"OPINION Tech earnings are about to dive, and there’s no life preserver in sight"
121,AUTOS All the Times Elon Musk Warned His Companies Could Go Bankrupt,Alphabet stock price target cut to $120 from $130 at CFRA
122,"TECHNOLOGY Musk Sold Tesla Stock to Save Twitter, Report Says. That’s a Bad Sign.",TECHNOLOGY Meta Platforms to Sell Giphy After Losing Fight With U.K. Regulators
123,"AUTOS Ford, GM, and Chrysler Working Together? EVs Make That Possible.",Maryland judge strikes down nation’s first tax on digital advertising
124,AUTOS EV Stocks Face a Reckoning. Not All Will Survive.,J.D. Vance says he wants to end tax loopholes for tech companies and ban congressional stock trading
125,FTX’s fall: ‘This is the worst’ moment for crypto this year. Here’s what you should know.,MEDIA Snap Stock Is Up but This Analyst Still Has Doubts
126,AUTOS Tesla’s Model Y Has Serious Competition. We Drove the Ioniq 5.,"TECHNOLOGY Oracle’s Stock Looks Cheap Again. ‘We’ve Got a Plan,’ CEO Says."
127,‘I just killed it’: Musk scraps Twitter’s gray ‘official’ label just hours after its launch,"MARKETS Stocks Look Alluring. It’s Time to Snap Up Bargains, Say Big Money Managers."
128,AUTOS Tesla Stock No Longer a ‘Best Idea.’ Twitter Is an ‘Albatross.’,Musk has a ‘super app’ plan for Twitter. It’s super vague
129,"Tesla stock jumps 7.0% premarket, after closing Wed. at a 2-yr. low",Digital World Acquisition Jumps on Google Play's Truth Social Approval
130,"GROWTH INVESTING Cathie Wood Is Buying More Tesla Stock, and Selling Some Nvidia","TikTok parent ByteDance aims to challenge Spotify, Apple with music-streaming growth"
131,Tesla stock removed from Wedbush Best Ideas list over 'Twitter train wreck disaster',Digital World Stock Pops as Truth Social Wins Google Play Store Approval
132,Tesla removed from Wedbush Best Ideas list over Twitter overhang,TECHNOLOGY The ‘Big Tech AI Wars’ Are Coming. Public Cloud Stocks Stand to Gain.
133,CHINA Elections Pave Way for Tougher China Stance. It’s a Risk for Companies.,CRYPTOCURRENCIES Coinbase Stock Is Rising. The Crypto Platform Has a Partner in Google Cloud.
134,Tesla’s stock ends at lowest in nearly 2 years as selloff intensifies,"Alphabet, Coinbase Partner in Push for Web3 Future"
135,BREAKING Biden says Elon Musk's cooperation with other countries 'worthy of being looked at',Are Facebook and Google Losing Power in Advertising?
136,AUTOS Rivian’s Sales Fell Short but the Focus Is on Production. Shares are Rising.,"Tech legislation appears dead, and the congressional finger-pointing has begun"
137,REGULATION The Tesla Cyberquad Is Being Recalled. You Can Get a Refund.,TECHNOLOGY Google to Open First Data Center in Japan in Latest Cloud Push
138,AUTOS Elon Musk Keeps Selling Tesla Stock. Investors Are Too.,TECHNOLOGY Slack Is Going Public Today. Here’s Everything You Need to Know.
139,"Dow sheds 650 points, stocks post worst day after any election in a decade as control of Congress remains in flux","TECHNOLOGY YouTube Is Worth $140 Billion and Alphabet Should Spin It Off, Analyst Writes"
140,TECHNOLOGY California Voters Reject EV Measure Backed by Lyft,Google to Open Its First Japanese Data Center in 2023
141,AUTOS Elon Musk Sells $3.95 Billion More in Tesla Stock. The Timing Is Odd.,"CONSUMER Buy Pinterest Stock, Goldman Says. Analyst Sees Appealing Long-Term Play."
142,"High-stakes election spending, guns at the polls and a Twitter exodus. Is this crowd-sourced app what voters want instead?","CONSUMER Buy Airbnb Stock Because Travel Demand Is Resilient, Says Analyst"
143,The most influential CEOs in markets today,"Nvidia closes Russian offices, will fly relocating employees out of the country, report says"
144,Elon Musk sells Tesla stock worth nearly $4 billion following Twitter purchase,"Lightspeed Commerce Taps Former Google Exec Ryan Tabone for Chief Product, Tech Officer Role"
145,AUTOS Tesla Stock Won’t Stop Dropping. Here’s How Low It Could Go.,TECHNOLOGY Amazon and Uber Are J.P. Morgan’s Top Internet Picks. Here’s Why.
146,"AUTOS Tesla Stock Is Slipping, but Recalls Likely Aren’t to Blame",OPINION Get ready for ‘a proxy battle for the soul of the internet’ — Supreme Court’s next target could be the web’s most important law
147,AUTOS Tesla Stock Succumbed to Elon Musk’s Latest Tweets. Investors Need to Watch Out.,BREAKING Supreme Court agrees to hear case on tech companies' legal immunity
148,Will midterm-election results kill the EV and home-energy tax breaks just approved?,GROWTH INVESTING It’s Time to Buy Tech Again. Here Are 20 Stocks to Start With.
149,GROWTH INVESTING Where to Find Stocks That Will Rise 10 Times,BARRON'S Berkshire Board Member and Warren Buffett Crony David Gottesman Dies at 96
150,AUTOS Elon Musk Needs the One Kind of Executive He Doesn’t Have,"Astra Space Names Martinez CFO, Replacing Brannon"
151,"Italian EV start up takes on U.S. and Chinese rivals with a fresh design concept, but higher price tag",Game over for Google Stadia
152,"Tesla Releases Fix to Address Recall of 40,000 U.S. Vehicles","Microsoft, Google parent Alphabet, and nearly a fifth of S&P 500 hits 52-week lows"
153,Elon Musk’s partisan tweets call Twitter’s neutrality into question,House approves scaled-down bill targeting Big Tech’s dominance
154,"Midterm elections 2022: why they matter to crypto traders, and how",TECHNOLOGY Google’s Stadia Is Shutting Down. It’s Cloud Gaming’s Latest Flop.
155,Tesla stock falls toward first close below $200 in 17 months,"Amazon, Google stock-price targets fall as odds of a recession rise"
156,CHINA A GOP Win Could Tighten the Stance on China,"Move over, TikTok: Social media has ‘a new king in town’ in BeReal"
157,"INDUSTRIALS China’s Auto Market Could ‘Bottom Out’ This Year, Analyst Says",TECHNOLOGY Google Stadia Doesn’t Look Like the Netflix of Gaming Just Yet
158,DISRUPTION Elon Musk’s Latest Tweets Are Helping Tesla Stock Climb Today,BARRON'S Expedia Has a Google Problem
159,"MEDIA Love or Hate Him, Elon Musk Is About to Show Whether Twitter Can Take Flight",BARRON'S Is Google Putting Ads on the Back Burner?
160,M&A The Threat That Twitter Poses to Tesla Stock,"TECHNOLOGY Alphabet, Amazon Stock Won’t Gain As Much Given Strengthening Dollar, Analyst Says"
161,COMPANIES Who’s Who Inside Elon Musk’s Business Universe,Alphabet stock price target cut to $136 from $145 at Truist
162,NEWS Powerball Grand Prize Is Now $1.9 Billion. Here’s What the Winner Could Buy.,"‘We don’t get to choose the macroeconomic conditions always,’ Google CEO Sundar Pichai tells disgruntled staff"
163,Famous glaciers like Kilimanjaro and Yellowstone could disappear in decades: UNESCO,DocuSign's Interim CEO Sets Stage for Growth
164,Musk’s past tweets reveal clues about Twitter’s new owner,Apple Music replaces Pepsi as new sponsor of Super Bowl halftime show
165,"Influencers debate leaving Twitter, but where would they go?",Waymo hires new finance chief who will focus on helping the company expand
166,Who is having the most influence over your money in 2022? Meet the MarketWatch 50.,MUTUAL FUNDS Active Fund Managers Are Expected to Win in Rough Markets. It Isn’t Working.
167,AUTOS Tesla Stock Has Been Sideswiped by Twitter Issues. It’s Near the Breaking Point.,Steve Case of AOL sees parallels to dot-com era in today’s challenging tech climate
168,TECHNOLOGY Elon Musk Cites a ‘Massive Drop’ in Twitter Revenue as Questions About Business Mount,DocuSign Names Google's Allan Thygesen Next Chief Exec Officer
169,"AUTOS Auto Parts Giant Cuts Guidance. There Was Good News for Ford, GM, and Tesla.",Rumble Stock Rises on Content Deal With SteveWillDoIt -- Update
170,CRYPTOCURRENCIES Dogecoin Is Slumping After a Report Suggests the Twitter Crypto Dream Is on Pause,"Ford announces leadership changes as it accelerates 'Ford+' growth plan, bolsters supply chain operations"
171,AUTOS BMW Beats Earnings Estimates by Selling More EVs,Ofcom Starts Probe Into UK Cloud Infrastructure Services Sector
172,AUTOS Tesla’s China Shipments Fall as Price Cuts and Covid Create Problems,TECHNOLOGY Facebook Parent Meta Wants to Cut Costs by at Least 10%: Report
173,TECHNOLOGY Elon Musk Has Owned Twitter for Only a Few Days. The Drama Hasn’t Ended.,TECHNOLOGY Warner Music Taps YouTube Business Chief as Next CEO
174,"FEDERAL RESERVE Tesla, EV Stocks Sag as the Federal Reserve Pulls the Plug","Dow drops 300 points, stocks finish lower as markets brace for next ‘jumbo’ Fed rate hike"
175,Twitter adds fact-check to Biden White House’s tweet bragging about Social Security’s COLA of 8.7%,CHINA Goldman Sachs Prefers the US Stock Market. Why Alibaba Is an Exception.
176,CRYPTOCURRENCIES Binance Helped Fund Elon Musk’s Twitter Takeover. Now It Wants a Crypto ‘Sandbox.’,"Why McDonald’s, Google and other big businesses may face responsibility for many more workers"
177,COMPANIES Elon Musk’s ‘Very Close’ Friend Larry Ellison and Kathleen Wilson-Thompson Join Tesla’s Board,Almost 100 Facebook janitors laid off as Silicon Valley service-worker cuts continue
178,BARRON'S Tesla: Why a Bare Bones Model 3 Could Be Smart,BARRON'S Alphabet: How a $175 Billion Waymo Could Boost the Shares
179,AUTOS NIO Has More Covid-Related Problems. That’s Bad News for Tesla.,BARRON'S Facebook and Google Can’t Match This Yelp Strength
180,Tesla shuts main showroom in Beijing in shift of China strategy: report,It’s a great time to scoop up bargain stocks. Here are 21 examples that could make you a lot of money.
181,"XPeng stock swings to a loss after drop in monthly deliveries, while other China-based EVs surge",DOJ antitrust cop hammers ‘whack-a-mole’ approach to reining in Big Tech
182,"AUTOS Deliveries From NIO, XPeng, and Li Auto Were Dreadful. Some Stocks Rise Anyway.",The Meta meltdown: This chart shows Facebook’s fall from grace among the most valuable U.S. companies
183,"Some 75% of surveyed Americans would jump at a ‘green’ job in solar, wind or EVs, which tend to pay 21% more",Google randomly sent him $250K. This is what happened next.
184,"MEDIA Musk Twitter Firings Carry Legal Risk for Newly Private Platform, Lawyers Say",Controversial attempt to protect kids online is signed into law by California governor
185,TECHNOLOGY Stephen King and Elon Musk Spar Over Twitter Charging $20 Monthly for Verification,Roblox stock slide continues after hours as August metrics come out
186,AUTOS Tesla Will Have Big Cybertruck Sales in 2024. That’s Late.,MARKETS Why This Top Advisor Is Still Buying Apple and Microsoft Stock
187,AUTOS Tesla Loaning Engineers to Twitter? That’s Not What Investors Want to Hear.,Senators take social-media companies to task for their impact on national security
188,TECHNOLOGY This Is Elon Musk’s Big Opportunity at Twitter,OPINION Pinterest never considered itself a social network. Until now.
189,M&A Twitter Has a Lot of Debt. It’s Not an Issue for Tesla—Yet.,MARKETS Wall Street Predicts Another Volcker Moment to Tame Sticky Inflation
190,AUTOS Tesla Considered a Stake in Mining Giant Glencore. That’s a Bad Idea.,TECHNOLOGY Court Confirms Record $4.1 Billion Fine Against Google in Android Antitrust Case
191,Apple and Microsoft market caps reached their largest spread on record — at roughly Tesla’s entire valuation,Google lost most of appeal of EU Android decision
192,OPINION Here’s how to incentivize cleaning up landfills — the culprit driving one-fifth of global warming,Google Mostly Loses Appeal of EU Android Decision
193,"AUTOS Ford Is Moving Ahead With Staff Cuts, Report Says. There Will Be Severance.","Dow books near 1,300-point drop as stocks record worst day since June 2020"
194,Elon Musk says Twitter ‘obviously cannot become a free-for-all hellscape’ but should encourage debate,Google faces $25.4 billion damages payout in double lawsuit over advertising practices: report
195,Technology stocks tumble — this is how you will know when to buy them again,Biden finalized his plan to rein in Big Tech. Big Tech wasn’t invited.
196,WARREN BUFFETT Buffett’s Berkshire Chases Musk’s Tesla on Market Value,OPINION Big investors are favoring large-cap stocks for the rest of 2022 — maybe you should too
197,MUTUAL FUNDS This Fund Has Found the Sweet Spot Between Growth and Value,"Yes, it could happen to you. Like the water crisis in Jackson, Miss., other U.S. cities are vulnerable to climate-change disaster"
198,M&A Elon Musk Is Overpaying for Twitter—by a Huge Amount. Here’s the Math.,‘Buy your mom an iPhone’: Tim Cook says Apple doesn’t prioritize texting experience between iPhones and Android
199,NEWS Elon Musk Takes Over Twitter. He’s Already Making Big Moves.,ADVISOR INVESTING Single-Stock ETFs Are Mushrooming. What to Know.
200,AUTOS Tesla Investors Have One Less Worry: Stock Sales for the Twitter Deal,"ADT confirms new investments from State Farm, Alphabet's Google"
201,Dogecoin jumps 10% as Musk’s Twitter takeover spurs hope for wider adoption,"ADT stock soars, after WSJ report of $1.5 billion in investment from State Farm, more money from Google"
202,AUTOS Self-Driving Cars Aren’t Dead. Lessons From Ford’s Big Flop.,"Apple, Tesla and Amazon stocks in danger of 1st closes below 50-DMAs in nearly 2 months"
203,AUTOS Tesla Faces DOJ and SEC Probes Over Autopilot Technology,Here are the worst (and best) performing stocks of August and for 2022
204,"Elon Musk completes Twitter purchase, fires CEO and other top execs: reports",TECHNOLOGY Top YouTube Executive Leaves as Competition From TikTok Grows
205,"M&A Elon Musk Closes Deal for Twitter, According to Reports",TECHNOLOGY This Analyst Likened TikTok and Reels to ‘Crack.’ What He Really Meant.
206,Why a strong U.S. dollar might benefit crypto in the long term,"YouTube’s top business exec, Robert Kyncl, is departing after more than a decade"
207,Tesla Cyberquad ATV recalled after failure to comply with federal safety standards,"TECHNOLOGY Apple, Alphabet, and Other Big Tech Stocks Extend Losses"
208,M&A Elon Musk’s Twitter Purchase Near Closing as Banks Deposit Cash,"As Congress flounders in Big Tech regulation push, the FTC isn’t waiting around"
209,"OPINION Your future dream home may include a solar array, a drone farmer and a robot like Tesla’s Optimus",Justice Department may be readying potential antitrust lawsuit against Apple: report
210,Tesla facing criminal investigation into Autopilot claims: report,OPINION Democrats promised to rein in Big Tech. They have failed.
211,AUTOS Another EV Price Cut In China. This Is Getting Real.,Google and academic research finds brief videos teaching critical-thinking skills can inoculate viewers against disinformation
212,"Planet will top 2 degrees of warming without quicker climate action, U.N. warns",MEDIA Why Apple Might Push Deeper Into Sports Streaming
213,LG Energy Solution Raises 2022 View To Rev KRW25T From KRW22T >373220.SE,TECHNOLOGY Tech Stocks Sell Off Because the Fed Is Willing to Tolerate ‘Some Pain’
214,AUTOS GM Grabs EV Market Share From Tesla. It Eyes More Gains Down the Road.,"Six months after Russia invaded Ukraine, Moral Rating Agency’s ‘Courage Index’ analyzes companies’ statements on Kremlin’s aggression"
215,OPINION This one stock stands out when looking at key data from the FAANG+ group,Fitbit to release 3 new fitness trackers this fall
216,AUTOS Tesla Stock Price Targets March Lower as Bearish Options Activity Moves Higher,TECHNOLOGY Palo Alto Networks Stock Soars on Strong Earnings and 3-for-1 Stock Split
217,U.S.’s first interstate EV charging network for semi-trucks to connect California port with Texas,"As Silicon Valley looks to cut back, service workers fear they could be first to go"
218,INDUSTRIALS NIO Stock Is Flying on Upbeat Results. It’s Still Way Down for 2019.,These stock pickers have beaten their benchmark while giving fund holders needed diversification
219,"Nio stock bounces, after suffering biggest selloff in more than 2 years",MARKETS Tech’s Rally Is Too Good to Be True. Why the Nasdaq Looks Due for Another Fall.
220,"Tesla stock falls, but these bulls aren’t sweating vehicle price cuts in China",How To Invest In Space Tourism
221,"Tesla isn’t immune to a spending slowdown, Morgan Stanley says while cutting price target","Google workers demand abortion protections for contractors, better data privacy for users"
222,"AUTOS Tesla Discloses Bitcoin Gains, Inventories, and Other Tidbits","Streaming usage surpasses cable for share of TV viewing for first time, Nielsen says"
223,AUTOS Tesla Stock Falls. It’s All About China.,"‘Serenity Now’: Hedge fund managed by Michael Burry of ‘The Big Short’ fame dumps stocks including Apple and Alphabet, adds GEO Group"
224,AUTOS Cathie Wood Knows How Tesla Can Juice Its Sales: Cut Costs in Half,Value of stocks Tiger Global Management held was more than halved during the second quarter
225,AUTOS Chinese EV Stocks Are Getting Hammered. It Isn’t All About Xi Jinping.,MUTUAL FUNDS Why Index Funds Could Fade
226,"WARREN BUFFETT Watch Out, Tesla. Berkshire Hathaway Is Now Worth as Much as Elon Musk’s EV Maker.",FTC looks to hammer out rules to rein in tech companies’ data collection
227,AUTOS Tesla Stock Could Rebound in 3 Months. Here’s What it Would Take.,TECHNOLOGY Akamai Earnings Top Estimates. Where Its CEO Sees Opportunity.
228,M&A It’s a Pivotal Week for Twitter and Elon Musk. Here Are the 3 Questions That Remain.,Justice Department expected to file antitrust lawsuit against Google as soon as September: report
229,Tesla cuts prices for some vehicles in China: reports,TECHNOLOGY Alphabet and 7 More Stocks Wall Street Loves That Aren’t Too Pricey
230,"EV sales are getting hotter, and these are the cars catching up to Tesla",Google Search suffers rare but brief outage Monday night
231,"Contemporary Amperex Technology 3Q Net CNY9.42B, Up 188% on Year >300750.SZ",Montblanc’s Summit 3 Smartwatch Has Brains Plus Beauty
232,ASSET ALLOCATION The Best News About 60/40’s Historically Bad Year? It’ll End Eventually.,MEDIA Roku Gets Another ‘Sell’ Rating. Blame Earnings and Competition.
233,"AUTOS Tesla, EV Makers Face Rising Battery Prices, Supplier’s Earnings Show",AUTOS Tesla Sets Its Stock Split Date. Let Pre-Split Trading Begin.
234,AUTOS Cathie Wood Is Buying Tesla Stock. She’s Been Right About It This Year.,MEDIA Advertising Is Still Going Strong. Apple Wants In.
235,TECHNOLOGY The Bad News for Apple in Tesla’s Earnings,TRAVEL Booking’s Earnings Top Estimates but the Stock Falls on a Softer Third-Quarter Outlook
236,TECHNOLOGY Elon Musk Downplays the Chances of a Twitter Tie-Up With Tesla and SpaceX,"Why Roku’s stock deserves a fresh look, according to Citi"
237,BARRON'S Here’s Why Tesla Can’t Go Far in China,TECHNOLOGY Where Is Roku Stock Heading? Watch YouTube.
238,"BARRON'S Gas Prices are About to Rise, But It Won’t Help Tesla",TECHNOLOGY Arista Stock Jumps. Strong Demand for the Cloud Boosted Earnings.
239,Elon Musk plans deep layoffs of 75% at Twitter: report,TECHNOLOGY Pinterest Stock Soars. Its Ad Business Shined.
240,AUTOS Tesla’s Quarter Draws Wall Street’s Concern but No Downgrades,TRAVEL Airbnb and Other Travel Earnings Are Coming. The Forecast for Travel Is Murky.
241,Government bonds are eroding crypto’s appeal for investors seeking rich yields. But some are staying.,NORTH AMERICA The Dollar Has Been a Problem for Stocks. Now It Could Boost Them.
242,AUTOS Tesla Stock Drops After Earnings—and Even Musk Can’t Calm the Unease,"OPINION Big Tech shows its good to be big, as growth slowdown leads to stock gains while smaller rivals find only pain"
243,Stocks finish with second straight loss as Treasury yields grind higher,TECHNOLOGY Big Tech’s Reign Isn’t Over Yet. These Stocks Look Like Strong Buys.
244,"Nio stock bounces, even after Tesla CEO Elon Musk says China seeing 'burst of recession'",MARKETS Investing-Intensive Gen Z Confronts a Bear Market
245,A surge in coal and oil emissions was expected with Russia’s war and a COVID recovery — here’s what actually happened,"TECHNOLOGY Amazon Cut Its Staff by Almost 100,000 in the June Quarter"
246,Tesla stock price target raised to $325 from $315 at BofA Securities,TECHNOLOGY Stock Gains for Apple and Amazon Lift All of Big Tech
247,Tesla stock sinks 8.3% toward 16-mo. low after Q3 results late Wed.,MARKETS Hedge Funds Aren’t Buying Big Tech. Secular Growth Stocks Are Hot Now.
248,"BREAKING U.S. stocks open modestly lower as Treasury yields hit 14-year high, UK prime minister resigns",MARKETS The Market Could Fall Some More. These Stocks Are Most Vulnerable.
249,Stocks are attempting a bounce as earnings season begins. Here’s what it will take for the gains to stick.,MARKETS Nasdaq Soars as Fed Raises Rates Again—and What Else Happened in the Stock Market Today
250,Elon Musk teases massive Tesla stock buyback as CFO trims forecast for annual deliveries and stock falls,Nasdaq surges 4% in best day since April 2020 after Fed delivers expected interest rate rise
251,"Elon Musk ‘excited’ by Twitter’s potential, even though he’s overpaying",TECHNOLOGY Alphabet’s Earnings Weren’t a Disaster. That Was Enough for Wall Street.
252,OPINION Elon Musk pumps Tesla stock with ridiculous $4 trillion target. Is a dump coming next?,BREAKING Google parent Alphabet buying massive downtown Chicago building from state of Illinois
253,"Annoyed by ‘curt and almost dismissive’ Elon Musk, one Wall Street analyst sees cracks emerging in Tesla",Google shares rise as search delivers resiliency in tough macro environment
254,"MARKETS Tesla Bigger Than Apple and Saudi Aramco Combined? Dream On, Investors Tell Musk.","Alphabet stock bounces 3.6% premarket on back of Q2 results, after closing Tuesday at 16-mo. low"
255,Tesla stock price target cut to $340 from $400 at CFRA,"TECHNOLOGY Alphabet’s Earnings Missed, but Ad Revenue Was Better Than Feared"
256,Tesla stock price target cut to $300 from $360 at Wedbush,"TECHNOLOGY Alphabet, Microsoft, Shopify and More Wednesday Morning Stock Movers"
257,Tesla stock price target cut to $330 from $370 at Mizuho,"Google stock rises despite an ad downturn, second straight earnings decline"
258,"BREAKING Elon Musk: It is possible for Tesla to do a stock buyback of $5 billion to $10 billion, pending board review and approval",OPINION Google and Microsoft earnings show the bar has been lowered for Big Tech
259,"Tesla earnings are coming, but do record deliveries mask a demand problem?",Another Leg Lower
260,11 more crash deaths are linked to automated-driving systems,"MARKETS If the Fed’s Job Is to Tame Inflation, Workers Will Feel More Pain"
261,"AUTOS A Tesla Stock Sale Is Coming. We Know Who, Why, and When, but Not How Much.",Alphabet stock price target cut to $150.00 from $187.50 at Susquehanna
262,AUTOS Tesla Stock Has Gotten Hammered Heading Into Earnings. 3 Things to Watch.,"MARKETS The Dow Slipped, Walmart Tanked — and What Else Happened in the Stock Market Today"
263,AUTOS Tesla Could Be a ‘Zombie Stock’ as Interest Rates Rise,Big Tech earnings are about to determine the direction of the market
264,"AUTOS Buffett-Backed BYD Reports Solid Numbers. There Is a Silver Lining for Tesla, Too.",TECHNOLOGY A 3-Day Tech Earnings Deluge Begins. Here Are the Key Issues to Track.
265,ENERGY Lithium Demand Is Soaring. Wall Street’s Enthusiasm Isn’t.,"Google may be the safest of the digital-advertising giants, but that isn’t saying much right now"
266,"REGULATION Why Tech Won’t Give Up on Silicon Valley, Despite Rising Regulation",Alphabet stock price target cut to $125 from $153 at KeyBanc Capital
267,REGULATION Will California Lead the Country—or Just Alienate Business?,Here are 5 things we’ve learned so far from earnings season
268,AUTOS Mercedes Unveils a New EV in Paris. Don’t Call It a Tesla Model Y Competitor.,This robot-driven macro fund is outperforming its peers. Here’s the good and bad news it has for markets.
269,"Netflix and Tesla stocks are not having a good year, but here comes a chance to turn it around",MARKETS The Stock Market Is Entering Its Weakest Months. What to Watch Out For.
270,"Tesla stock rises 2.1% premarket, after closing at a 16-month low on Friday",Elon Musk denies alleged affair with Google co-founder Sergey Brin's wife as 'total bs'
271,Ukraine envoy hopeful about finding funding for Elon Musk’s Starlink network,"Alphabet stock rallied 1.0% premarket, after dropping 5.6% Friday to close at a 5-wk. low"
272,Musk has a ‘super app’ plan for Twitter. It’s super vague,It’s the end of ‘fantasyland’ for Big Tech and its workers
273,AUTOS Tesla Stock Is Too Cheap. It Should Start Buying Back Its Own Shares.,Elon Musk’s alleged affair with Sergey Brin’s wife led to falling out between billionaires
274,Tesla Stock Falls as Wells Fargo Cites Demand Concerns,"OPINION ‘People will freak out’: The cloud boom is coming back to Earth, and that could be scary for tech stocks"
275,CRYPTOCURRENCIES A Shake-Up to Accounting Rules Is Coming to Crypto. It Will Impact Tesla and Others.,"Snap’s ‘grim outlook’ sends stock on near-40% skid, slaps other social names"
276,"Nio shorts may have covered too soon, as EV maker’s stock sinks to more than 2-year low",BARRON'S Snap’s Earnings Debacle Is Hurting Tech. Wall Street Is Scrambling to Respond.
277,BARRON'S Tesla: Elon Musk Wants to ‘Be the House’,TECHNOLOGY Snap Stock Plunges and Takes Meta and Twitter Down With It
278,BARRON'S Tesla: Time to Replace Elon Musk with Alfred P. Sloan?,"TECHNOLOGY Alphabet, Amazon Look Ready to Join the Dow After Stock Splits"
279,TECHNOLOGY Elon Musk Says SpaceX Can’t Fund Starlink ‘Indefinitely’ in Ukraine,MARKETS Magellan’s Manager Sours on Big Tech Stocks. Why Microsoft Is an Exception.
280,Twitter lawyers said Musk was being investigated over acquisition conduct,Alphabet stock price target cut to $145 from $155 at Stifel Nicolaus
281,"M&A Elon Musk Is Being Investigated by U.S. Authorities Over Deal, Twitter Claims","Snap stock plunges 25% as advertising slows down, executives decline to offer forecast"
282,Will bitcoin continue to outperform stocks for rest of the year?,"TECHNOLOGY Snap, Twitter, GameStop, and More Stock Market Movers Friday"
283,"Want that $7,500 EV tax break? Why buyers need to talk with an accountant and not just a car dealer","Alphabet, Meta Platforms stocks knocked down by Snap's selloff after disappointing earnings report"
284,AUTOS Good News for Tesla Investors: The Stock Is Now Oversold,Alphabet stock price target cut to $150 from $175 at Mizuho
285,"Nio, XPeng stocks bounce, after falling more than 20% amid 5-day losing streaks",YouTube to remove videos spreading abortion falsehoods
286,MARKETS Cathie Wood Says the Fed Is Making a Mistake. She’s Not the Only One.,Snap’s stock price rises more than 8% ahead of second-quarter earnings
287,AUTOS Lucid Recalls Some Cars Again. EV Makers Are Feeling Growing Pains.,MEDIA Why Netflix’s Earnings Weren’t Enough to Restore Confidence
288,AUTOS GM’s Competition With Tesla Heats Up. This Time It Isn’t About Cars.,"Dow closes 750 points higher as stocks surge, small caps see biggest advance in 18 months"
289,Ford stock is now a ‘sell’ at UBS as an oversupply problem looms,TECHNOLOGY Why Analysts Are Lowering Estimates for Meta and Alphabet
290,AUTOS Tesla China-Made Deliveries Hit Record. But Wholesale Numbers Don’t Matter.,Apple is latest Big Tech player to plan cost cuts: report
291,Tesla stock price target cut to $350 from $367 at UBS,"Google’s stock split won’t matter in a recession, analyst says"
292,AUTOS Rivian Is Recalling Nearly All Its Vehicles. Building Cars Is Hard.,Alphabet stock price target cut to $150 from $170 at Truist
293,Tesla reports monthly record for China sales,"ADVISOR INVESTING Tech News Today for Financial Advisors: Google Splits, IBM Reports, Musk Vacations"
294,AUTOS Tesla Won’t Stop Falling Until Musk Stops Selling. Here’s Where the Stock Is Headed.,"TECHNOLOGY Apple to Slow Hiring as Economy Softens, Report Says"
295,AUTOS Polestar Reported Strong EV Deliveries. Why the Stock Fell.,Alphabet split-adjusted stock price target cut to $140 from $165 at MKM Partners
296,"Dow books 630-point drop after strong jobs data rattles investors, but stocks cement weekly gains",TECHNOLOGY Google Parent Alphabet Starts Trading at Split-Adjusted Price
297,"COMPANIES Tesla’s Liquidity May Be Turning a Corner, Analyst Says","BANKS Bank of America, Goldman, Boeing, and More Stock Market Movers"
298,BARRON'S Tesla: A History of Model 3 Promises,Alphabet stock rallies after 20-for-1 stock split takes effect
299,"Tesla to deliver first Semi trucks to PepsiCo in December, Elon Musk says","If you believe in Amazon, its stock is now a bargain after falling 34% this year"
300,TRANSPORTATION Elon Musk Says First Tesla Semi Truck Deliveries Due for PepsiCo in December,"MARKETS The Recession Will Begin Soon, Says Top Economist. But the Bounceback Rally Will Be Strong."
301,Bitcoin miners see revenue tumble 80% from peak. Can they all survive?,TECHNOLOGY Pinterest Stock Soars as Activist Takes Stake
302,BREAKING Judge delays Twitter v. Elon Musk trial to allow deal to close,California social-media addiction bill drops text allowing parents to sue
303,TECHNOLOGY Musk’s Deal for Twitter Could Still Collapse. Watch the Banks.,Justice Department unlikely to accept Alphabet's concessions to avoid antitrust lawsuit: report
304,BONDS Tesla Stock Gets a Little Good News: S&P Upgrades Tesla Bonds,MEDIA Netflix Surprised Everyone by Picking Microsoft as Its Partner for Ad-Supported Streaming
305,Tesla credit rating upgraded 2 notches out of 'junk' territory at S&P Global Ratings,"TECHNOLOGY The Street Is Cutting Estimates on Meta, Alphabet. This Analyst Weighed In, Too."
306,TECHNOLOGY Elon Musk ‘Should Own Twitter by Next Week’,TECHNOLOGY Apple Isn’t Recession-Proof. Why 1 Analyst Sees 15% Downside For The Stock.
307,"Elon Musk would lose 13.5 million Twitter followers if he scraps most spam accounts, data analysis finds. Justin Bieber would lose 27.6 million.",Google plans to scale back hiring this year: report
308,"For Elon Musk, buying Twitter would be the easy part — analysts say the real mess lies ahead","Apple, Amazon, Tesla stocks dive into the red after inflation data"
309,"Elon Musk grabs Twitter, but how will he manage his growing empire?",TECHNOLOGY Google Is the Latest Tech Company to Slow Hiring
310,AUTOS Tesla Has a Lot Going Right. So Why Is This Analyst Cutting His Price Target?,MARKETS Inflation Data Aren’t the Fed’s Biggest Problem Anymore
311,"Elon Musk buying Twitter ‘puts our democracy at stake,’ civil-rights advocates say",MARKETS Earnings Season Brings Another Risk for Stocks—Shrinking Profit Margins
312,Tesla stock price target cut to $370.00 from $391.67 at Mizuho,"Google countersues Match, seeking its ouster from app store"
313,Judge in Twitter lawsuit against Elon Musk says proceedings will continue,Twitter has more to worry about than Elon Musk
314,Elon Musk wants to move forward with his purchase of Twitter. Here’s how some Twitter users reacted.,"TECHNOLOGY Meta Stock Is a Sell. ‘Use It as a Source Of Funds,’ Analyst Says."
315,"Elon Musk’s legal battle with Twitter may be over, but his war with the SEC continues",COMPANIES Here Are the Top CEOs of 2022
316,TECHNOLOGY Elon Musk Says Twitter Purchase Is a Step Toward ‘Everything App’,Why Apple’s BNPL efforts could mark a ‘tipping point’ in lending
317,"OPINION Twitter stood up to Elon Musk and won, but will it feel like a win once he owns it?","TECHNOLOGY Google Wants to Settle With the DoJ Over Ads, Report Says. Why This Analyst Says It Won’t Happen."
318,TECHNOLOGY Elon Musk Is Still Tweeting and 4 Other Things for Tech Investors to Start the Day,Second Half Playbook
319,"Elon Musk says Twitter will eventually be part of ‘X, the everything app’","BARRON'S Sundar Pichai: Technology Should Be There ‘for You, When You Need It’"
320,Elon Musk would lose 13.5 million Twitter followers if he pushes through plan to eliminate spam accounts: CodeClan,Google in talks with regulators to head off potential antitrust lawsuit: report
321,MARKETS Elon Musk’s Challenge Is to Turn Twitter Into ‘Everything.’ And Make a Profit.,RETAIL GameStop Stock Is Falling. Layoffs and a CFO Change Undo Stock Split Optimism.
322,AUTOS Tesla Stock Swings Sharply as Musk Goes Ahead With Twitter Deal,MARKETS GameStop Is Splitting Its Stock. Amazon and Google Provide Clues on What Happens Next.
323,"M&A Twitter Stock’s Day: A Yawn, a Pop, a Halt, and a Huge Gain",TECHNOLOGY Here’s Why Analysts Are Cutting Estimates for Meta and Alphabet
324,M&A Elon Musk Is Ready to Move Forward With Twitter Deal. The Stock Surges.,U.S. stocks close mostly higher after staging a sharp intraday rebound
325,Twitter stock surges 22% after Elon Musk gives up bot battle and commits to $44 billion deal,"Tech giants fuel Nasdaq 100's surge, even as Dow, S&P 500 fall"
326,Dow finishes 825 points higher as stocks post strongest start to a quarter since 1938,"TECHNOLOGY Meta, Alphabet, and Other Internet Stocks Face a ‘Perfect Storm’ as Ad Spending Slows"
327,Tesla stock pulls way back after report CEO Elon Musk willing to buy Twitter at original bid price,TECHNOLOGY Alphabet Stock Could ‘Emerge Stronger on the Other Side.’ Why this Analyst Slashed His Price Target Anyway.
328,SPAC backing Trump's Truth Social hit by news Musk is again offering to acquire Twitter at original price,"Alphabet stock price target cut, but analyst says company set to ‘emerge stronger’ from turbulent times"
329,"Crypto companies and funds rally as bitcoin rise, Dow jumps 700 points","Alphabet stock price target cut to $2,900 from $3,500 at Monness Crespi Hardt"
330,Elon Musk sparks outrage in Ukraine over Russia tweets,"Alphabet stock falls 0.9% premarket, after dropping 7.8% amid 5-day losing streak through Friday"
331,AUTOS GM Adds Former Tesla Executive to Board of Directors,"Trump social-media firm subpoenaed by federal grand jury, securities regulators"
332,AUTOS Cathie Wood’s ARK Snaps Up Tesla After Stock Plunges on Deliveries Miss,These 10 stocks in the S&P 500 lost $4.2 trillion of investors’ money during the first half of 2022
333,AUTOS How Good for the Planet Is Your Tesla? That Depends Where You Live.,Think twice before you trade in your old smartphone or tablet — you could make more money ‘upcycling’ on resale sites
334,TECHNOLOGY Apple and Tesla Aren’t the Stocks They Were in August. Here’s What Has Changed.,Google says it will delete users’ location history for abortion clinic visits
335,"General Motors names ex-Tesla, Lyft exec Jonathan McNeill to its board","Despite plenty of talk, many U.S. companies have still not fully exited Russia: Moral Rating Agency"
336,Tesla’s Optimus bot: ‘High school science project’ or robotics game changer?,OPINION A Google engineer said an artificial-intelligence program came to life. This is why that couldn’t happen
337,"U.S. auto sales fall slightly in Q3, but GM is a bright spot",MARKETS Crypto Winter Is Coming After SEC Rejects Key Bitcoin ETF
338,TRANSPORTATION A ‘Steady’ Tesla Could Attract New Investors to the Stock,TECHNOLOGY An FCC Commissioner Wants TikTok Yanked From Apple and Google App Stores
339,AUTOS Logistics Not to Blame for Tesla’s Deliveries Miss. There Is a Much Bigger Reason.,"TECHNOLOGY What Google Parent Alphabet Would Be Worth If It Had to Break Up, According to an Analyst"
340,What if Musk loses the Twitter case but defies the court?,"TECHNOLOGY Amazon Shares Could Nearly Triple From Here, One Analyst Says"
341,AUTOS EVs Can Turn Anyone Into Race Car Drivers—Including Me,Pinterest CEO change suggests e-commerce push that would be ‘welcomed’ in current market
342,AUTOS Tesla Deliveries Set a Record. The Stock Is Falling.,TECHNOLOGY Pinterest Co-Founder Is Out as CEO. A Google Exec Will Take Over.
343,AUTOS Tesla’s Deliveries Missed the Mark. Why Analysts Aren’t Worried.,OPINION Pinterest’s new CEO faces rough road in getting users to buy instead of just pinning
344,Tesla Shares Drop After Deliveries Miss Expectations,Pinterest stock rallies after Google exec named CEO as Silbermann steps down
345,"Tesla busts latest AI moves, but stock falls as vehicle deliveries miss analysts’ targets","Alphabet stock price target cut to $2,800 from $3,200 at J.P. Morgan"
346,"Tesla reports record deliveries, but numbers are still shy of analysts’ targets",VALUE INVESTING The Value-Growth War: Who’s Ahead Right Now and What’s at Stake
347,Tesla stock price target cut to $400 from $415 at CFRA,"Top 5 U.S. companies losing a total of $260 billion in market cap, led by Apple and Amazon"
348,Tesla stock price target raised to $348 from $333 at Truist,Netflix co-CEO Sarandos says streaming service is bringing ads to platform
349,Tesla stock price target raised to $153 from $137 at J.P. Morgan,BONDS High-Yield Bonds Look Like Bargains After an Awful First Half
350,MARKETS It’s a New Quarter but Old Fears Are Making Markets Nervous,TECHNOLOGY Cracks Are Forming in Ad Spending. Google and Meta Stock Could Take a Hit.
351,"Now Tesla owners can charge on other networks (well, some of them can)","TECHNOLOGY As Netflix Explores Ad Partnerships, Google, Comcast, and Magnite Could Be Top Contenders"
352,"BARRON'S Tesla Hosted Its Second A.I. Day. This Time, a Robot Really Danced.",MARKETS Tesla Is Now a Top 5 Stock in Russell Indexes and Meta Is a Value Stock.
353,"OPINION Big selling wave in stocks makes for a buying opportunity, says Baron manager who has 20% of his fund’s assets in Tesla",TECHNOLOGY Alphabet and Meta Have an Ad Revenue Problem. What It Means for Their Stocks.
354,"AUTOS NIO, Li, XPeng Deliveries Have a Warning For Tesla","TECHNOLOGY Snowflake Stock Is Upgraded. It’s a Favorite Among CIOs, Analyst Says."
355,"Weekend reads: What to expect now for home prices, stocks and bonds",NBCUniversal and Google compete to help Netflix develop ad-supported tier
356,TRANSPORTATION Tiny Tesla Competitor Electrameccanica Vehicles’ Stock Is Soaring Today,DIVIDENDS Worried About a Recession? Consider Dividend Stocks.
357,BARRON'S Tesla Misses the Mark Again,"Stocks still have an ‘unusually high’ number of buy ratings despite inflation, recession worries"
358,Musk unveils Tesla robot that walks and waves. Optimus’s more complex capacities remain under wraps.,These software companies are unsung winners in the semiconductor industry
359,Here’s what to expect at Tesla AI day,COMPANIES This Tech Stock Looks Attractive—Even in a Recession
360,"Tesla Forecast Shows 4Q Boost, 2023 Growth in Vehicle Output, Documents Show -- Reuters","OPINION Delivery drones, robotaxis, even insurance — wildly hyped dreams for AI startups are giving tech investors nightmares"
361,"S.F. Bay Ferry dunks on Elon Musk’s floating Cybertruck: ‘Hurry, come ride before the Blade Runner Barge Armada puts us out of operation’","Amazon, Microsoft, McDonald’s and Citi to examine their impact on civil rights and racial equity. Will more companies follow suit?"
362,"Car-related stocks take it on the chin, with declines of up to 25% in one day",TECHNOLOGY TikTok Shifts All U.S. User Traffic to Oracle Cloud
363,Dow ends nearly 460 points lower as Nasdaq plunges after Apple downgrade; S&P 500 sets 2022 low,"Alphabet stock price target cut to $2,636 from $2,940 at BofA Securities"
364,Crypto CEOs are leaving their jobs. Here’s why,TECHNOLOGY Meta and Alphabet Could Take a Hit on Ad Sales if Economy Falls Into Recession
365,AUTOS CarMax Stock Drops on Big Earnings Miss. The Used-Car Boom Is Over.,"DIVIDENDS Buybacks, Dividends Set Records in the 1st Quarter. Recession Looms as Wild Card."
366,"AUTOS Tesla’s Deliveries May Disappoint, Analyst Says. He Cut His Stock-Price Target.","TECHNOLOGY YouTube Shorts Growth May Pressure Alphabet Earnings, Analyst Says"
367,"AUTOS Tesla A.I. Day Is Coming. Expect High-End Computing, Self-Driving Cars, and Robots.","Tesla tops list of crashes linked to driver-assist technology, feds say"
368,"Apple and Tesla are the ‘last bastions of hope’ for retail investors, say these analysts",Hearing on data-privacy bill reveals contours of latest best hope for tech regulation
369,Tesla names Airbnb co-founder to board,MARKETS The Fed Is Hiking Into a Bear Market. What Could Go Wrong?
370,TECHNOLOGY Elon Musk Is Sparring With Twitter Lawyers. Twitter Stock Gains on a Down Day.,S&P 500's top 10 companies have lost more than $1 trillion in market cap in 4 days
371,"Elon Musk heads list of richest Americans, while Mark Zuckerberg falls out of top 10",TECHNOLOGY Apple Keeps Growing in Music and Games. But They Barely Move the Sales Needle.
372,EV charging: All 50 states have the money to start building a network of stations every 50 miles,Tesla files for 3-for-1 stock split
373,AUTOS Tesla Q3 Delivery Results Are Coming. Watch This Spread.,Google to pay $118 million to female employees to settle equal-pay lawsuit
374,ENERGY Hertz Taps Oil Giant to Build EV Chargers,ENERGY Exxon May Be Making ‘More Than God.’ But Apple and Alphabet Are More Profitable.
375,Hertz and BP sign MOU to develop network of EV charging stations across North America,Meta takes another subtle step toward a much-hyped metaverse
376,COMPANIES The Bull Case and the Bear Case on Apple Stock,"MARKETS Companies Are Still Buying Back Stock. Which Ones to Favor, and Which Ones to Avoid."
377,COMPANIES Elon Musk Said Tesla Almost Died — and the Stock Market Shrugged,"TECHNOLOGY Sell Netflix Stock, Goldman Says. It Has Lost Two-Thirds of Its Value."
378,"Hertz, BP Ink North American EV Charging Deal",TECHNOLOGY Apple and Google Face a New Threat. Regulator Says They ‘Hold All the Cards.’
379,"Tesla, Take-Two and Exxon are among the exceptions to this big problem for stock prices","After three years of promises, attempt to regulate tech comes down to a single bill"
380,AUTOS Ford’s Oval-Gate Is the Cherry on Top of High Car Prices and Low Stock Values,Goldman slashes rating on Netflix and eBay to sell on caution around U.S. consumer
381,"AUTOS Energy Agency Has Good News on EVs, Gloomy Outlook on Carbon Emissions",ADVISOR INVESTING Tech Stocks to Buy in June After the Swoon
382,Tesla is recalling more than 1 million vehicles over window finger-pinching concern,TRANSPORTATION Is It Time to Buy Tesla Stock? This Analyst Thinks So.
383,Tesla countersues California agency that filed racial discrimination suit against it,"‘I thought it was a sick joke’: They gave up other job offers to work for Coinbase, and are now unemployed"
384,AUTOS Porsche Is Sued by a U.S. Dealership Ahead of the Sportscar Maker’s IPO,TECHNOLOGY Shopify Shareholders Approve 10-for-1 Stock Split and Plan to Keep CEO Firmly in Control
385,"How Ethereum’s Merge boosted adoption of the ecosystem, according to Polygon’s co-founder",OPINION I’ve never liked Facebook stock — and these 4 warnings beyond Sheryl Sandberg’s departure are why you shouldn’t either
386,M&A Musk Gets a Minor Win in Twitter Fight. Wall Street Isn’t Worried Yet.,REGULATION A Texas Law Threatens the Future of Social Media. Investors Should Pay Attention.
387,AUTOS Tesla Recalls Another Million-Plus EVs. Investors Care This Time.,TECHNOLOGY Amazon Stock Is Splitting to $122. Trading Starts Monday.
388,AUTOS Ford Loads Up on Tech Execs for the EV Transformation,ESG INVESTING The ESG Fight in a Big Retirement Plan
389,OPINION Washington must stand firm on supporting domestic manufacturing of electric vehicles,Apple stock suffers first ‘death cross’ chart pattern since the pandemic
390,AUTOS Demand for the GMC Hummer Looks Strong. Electric Trucks Will Help GM Catch Tesla.,"TECHNOLOGY Amazon Splits Its Stock Next Week. Who’s Next, and Why It Matters."
391,AUTOS A Tesla Bull Has a New Top Pick. It’s a Battery Start-Up With 300% Upside.,Google investors shoot down racial-equity audit while approving stock split
392,AUTOS XPeng’s New SUV Is Here to Take On the Tesla Model Y,"Alphabet stock price target cut to $3,000 from $3,270 at Morgan Stanley"
393,ESG investing industry is likely to become less transparent as regulators crack down over ‘greenwashing’,Supreme Court temporarily blocks Texas social-media law
394,MUTUAL FUNDS Your Mutual Funds Are in the Dumps. Why You Might Still Owe Taxes on Gains.,"VALUE INVESTING Alphabet, Facebook, and 4 More Bargain Stocks to Buy Now"
395,AUTOS GM’s Big Hertz EV Order Overshadowed by Ford’s Woes,"NEWS GameStop, Salesforce, Netflix, Alphabet, Nvidia, and Other Stocks to Watch This Week"
396,AUTOS Ford’s Big Earnings Warning Is Really Good News. Just Ask Wall Street.,TECHNOLOGY Apple Won’t Produce as Many iPhones as Expected: Report
397,TRANSPORTATION Tesla CEO Elon Musk Has a Plan That Would Make Him a Very Rich Man,MARKETS An Unexpected Blue Wave Could Shake Up These Stocks
398,GROWTH INVESTING Amazon and Other Growth Stocks Have Been Hammered. Get Ready to Buy.,The clock is running out for Congress to pass Big Tech antitrust bills this year
399,MANUFACTURING Musk’s Grammar or a Tesla Robot: One Is Pushing Up the EV Stock,BARRON'S Several Major Advertisers Remain Wary of YouTube
400,AUTOS Cathie Wood’s ARK Sees a Huge Jump in EV Sales Coming. Cost Is the Key.,"Two years after George Floyd’s killing, Big Tech shareholders vote on racial-justice proposals"
401,AUTOS Tesla Plans Huge Push to Increase Sales in Germany. It Better Go Well.,Global stock markets higher after Wall St sinks
402,HEALTHCARE GE HealthCare’s Spinoff Is Coming. Here’s the Challenge for the Stock.,ECONOMICS Snap’s Terrible Guidance Is Another Big Warning About the Economy
403,"These 20 stocks have short interest of 19% or more, and AMC and GameStop are not even in the top half",Snap stock plunges toward worst drop on record as profit warning makes the shares ‘uninvestible’
404,What we love and hate about Tesla,MARKETS Whatever Is Hurting Snap Is Raining on Everything Else Too
405,Tesla plans to double sales in Germany for 2022: report,UPDATE: Internet stocks slide premarket as Snap's profit warning sends stock down 30%
406,Tesla plans to double German auto sales for 2022: report,TECHNOLOGY The Case for Buying the Tech-Stock Selloff Now
407,"Elon Musk’s ex sells photos and mementos from their college days for $165,268","How will ‘Saturday Night Live’ say farewell to Pete Davidson, Kate McKinnon and others?"
408,"Apple is now the market’s most shorted stock. If Tesla is an example, that’s bullish.","VENTURE CAPITAL The Tech Selloff Is About to Cause Big Problems for Start-Ups, Too"
409,Weekend reads: This may cause the next financial crisis,Match withdraws restraining order after Google agrees to 'various concessions'
410,AUTOS Tesla Stock Bulls and Their Bullish Comments Aren’t Helping Shares,MARKETS The S&P 500 Is Almost in a Bear Market. Keep an Eye on This Number.
411,"Tesla has one less bear after Needham upgrades, citing several reasons to expect a stock rally",Google is the target of a new Senate bill that seeks to break up online-ad businesses
412,Tesla stock price target raised to $400 from $375 at Deutsche Bank,Google’s Russian business plans to file for bankruptcy
413,"Elon Musk’s latest court filing alleges fraud by Twitter, focuses on whistleblower’s allegations",OPINION The metaverse is inevitable — we have been heading toward it for a long time. This is the good and the bad when the physical and virtual worlds collide
414,The Ethereum Merge is completed. What’s next? Here are three things you should watch,MARKETS Don’t Panic. It’s Time to Be Bold and Buy Stocks.
415,"Bitcoin’s a market ‘tumor’ thanks to Fed’s easy money, says ‘Black Swan’ author","TECHNOLOGY Apple, Tesla, and These Stocks Are Buys Out of the Tech Wreck"
416,AUTOS This EV Should Win Car of the Year. The Award Will Probably Go to Toyota.,Match to seek temporary restraining order against Google
417,BARRON'S Why Tesla’s Cars Cost 50% More in China,TECHNOLOGY More Bad Times Ahead for These 6 Big Tech Stocks
418,AUTOS Tesla Stock Got an Upgrade for an Unusual Reason,"TECHNOLOGY Apple, Netflix, and Other Tech Stocks Are Crumbling. The Pain Might Not Be Over."
419,Tesla shifts battery strategy as it seeks U.S. tax credits,BARRON'S Is Google Maps a Hidden Treasure?
420,TECHNOLOGY Tesla Lost a Crown to Apple. It’s Probably Happy to See It Go.,Match sues Google after being refused the same app-store treatment as Spotify
421,CORRECTED Tesla spent 864 days as Wall Street’s biggest short bet. Now it’s Apple.,TECHNOLOGY Apple and Amazon Have Fallen for 6 Straight Weeks. There Could Be More Pain Ahead.
422,"Lawsuit accuses Tesla of overstating Autopilot, Full Self Driving capabilities",Judge rejects Trump lawsuit challenging ban from Twitter
423,"AUTOS President Biden Headed in ‘Right Direction’ With EV Charging Money, Analyst Says",Apple has spent decades building its walled garden. It may be starting to crack
424,Tesla upgraded to hold from underperform at Needham,"With interest rates rising, it’s time to focus on MANG stocks instead of FAANG, according to Jefferies"
425,Biden to Detroit Auto Show: First $900 million to fill gaps in EV charging network is on its way,Britain pushes tough tech rules under new digital watchdog
426,Twitter stock forms first bullish ‘golden cross’ in more than 2 years,MARKETS Amazon Has Shed 25% of Its Value. Wall Street Still Thinks the Stock Is a Buy.
427,"OPINION Biden’s green energy subsidies will boost inflation, distort investment",Salesforce extends ‘Silenced No More Act’ protections to all U.S. employees
428,"AUTOS Detroit Auto Show Is a Big Deal, but Not for Tesla",FAANG stocks plus Microsoft lost $1.4 trillion in market value during April
429,These five stocks in the S&P 500 lost almost half a trillion dollars in value in one day amid widespread wipeout,FINANCIALS Alphabet’s Chief Financial Officer Bought Up Stock. It Wasn’t Alphabet’s.
430,AUTOS Tesla Talks About a Lower-Priced Car. When It’s Coming.,MARKETS Earnings Season Has Been Just One More Reason to Sell Stocks
431,"Dow books near 1,300-point drop as stocks record worst day since June 2020",TECHNOLOGY Big Tech Can’t Easily Fix the Stock Market’s Woes This Time
432,Twitter shareholders approve Musk's bid to buy company,M&A How Elon Musk Can Save Twitter
433,"Scale up the climate-change response now or expect drought and heat to get worse, meteorological group warns","OPINION Big Tech is no longer winning as big, but these two stocks still seem safe"
434,Consumer discretionary stocks takes a broad beating after consumer inflation data,MARKETS Tech Earnings Give Snapshot of Economic Headwinds Ahead
435,AUTOS Tesla Peer BYD Has 50% Plus Upside. Here’s How U.S. Investors Can Take Advantage.,TECHNOLOGY Amazon Earnings Disappoint. The Bigger Issue Is the Outlook.
436,AUTOS Buy Volkswagen Stock. Porsche’s IPO Could Unlock Value at the Emerging Tesla Challenger.,Facebook parent company Meta is headed for biggest single-day stock increase in six years
437,BARRON'S Tesla Seems to Have a Branding Problem,"Alphabet stock bounces 1.3% premarket, after falling 3.7% Wednesday to 11-mo. low"
438,AUTOS Cathie Wood Says Falling Car Prices Could Mean Trouble,Google’s troubles lead analysts to point fingers squarely at YouTube
439,AUTOS Lucid Stock Gets a New Buy Rating. Its Batteries Are Beating Tesla’s.,TECHNOLOGY Alphabet’s Stock Fell Again. YouTube Has a TikTok Problem.
440,ENERGY Elon Musk Has a Solution for the Energy Grid. And He’s Probably Right.,"Dow, S&P 500 eke out gains but Nasdaq slips after booking biggest dive since 2020"
441,M&A Twitter Says Elon Musk’s Latest Attempt to Abandon Deal Is ‘Invalid’,MARKETS Stocks Close Mixed After Deep Selloff—and What Else Happened in the Stock Market Today
442,Twitter says Elon Musk’s latest termination letter is also ‘invalid’,TECHNOLOGY Microsoft’s Landmark Quarter Proves the Cloud Story Is Still on the Rise
443,TECHNOLOGY Elon Musk Gives a New Reason to Cancel Twitter Deal,"Alphabet stock price target cut to $3,600 from $3,850 at UBS"
444,AUTOS Tesla Is Planning a New Business,"TECHNOLOGY Microsoft Rises, Alphabet Falls Because ‘Not All Technology Stocks Are Created Equal’"
445,AUTOS Polestar Gets Sell Rating. Its Shares Rise.,"Alphabet stock price target cut to $2,940 from $3,173 at BofA Securities"
446,Here’s why Tesla is considering refining its own lithium,TECHNOLOGY Alphabet Earnings Disappoint. The Stock Is Dropping.
447,AUTOS Tesla CEO Elon Musk Is Having a Bad Year by This Metric,"Alphabet stock price target cut to $3,500 from $3,850 at Monness Crespi Hardt"
448,"FINTECH Robinhood Reveals Its Users Love Tesla, Big Tech and Meme Stocks. Go Figure.","Alphabet stock price target cut to $3,113 from $3,800 at Wedbush"
449,MARKETS Big Tech Stocks Are Still Pricey. What That Means for the Market.,"Alphabet sales and earnings fall just short of estimates, stock dips"
